{"cameraMode":{"drawMode":0,"name":"Shaded","section":"Shading Mode"},"sceneLighting":true,"audioPlay":false,"sceneViewState":{"showFog":true,"showMaterialUpdate":false,"showSkybox":true,"showFlares":true,"showImageEffects":true,"showParticleSystems":true},"in2DMode":false,"pivot":{"x":-1.4270985126495362,"y":-6.58981990814209,"z":27.06825828552246},"rotation":{"x":-0.10047905892133713,"y":-0.056086789816617969,"z":0.005673371255397797,"w":-0.9933413863182068},"size":20.189786911010743,"orthographic":false}